Gene,pep.sequence
accA,MSLNFLDFEQP
accD,MSWIERIKSNI
acpP,MSTIEERVKKI
acpS,MAILGLGTDIV
alaS,MSKSTAEIRQA
asnS,MSVVPVADVLQ
aspS,MRTEYCGQLRL
bamA,MAMKKLLIASL
bamD,MTRMKYLVAAA
can,MKDIDTLISNN
coaE,MRYIVALTGGI
csrA,MLILTRRVGET
cysS,MLKIFNTLTRQ
dapA,MFTGSIVAIVT
dapB,MHDANIRVAIA
dapD,MQQLQNIIETA
dapE,MSCPVIELTQQ
der,MVPVVALVGRP
dnaE,MSEPRFVHLRV
dnaX,MSYQVLARKWR
dxr,MKQLTILGSTG
dxs,MSFDIAKYPTL
eno,MSKIVKIIGRE
era,MSIDKSYCGFI
erpA,MSDDVALPLEF
fabA,MVDKRESYTKE
fabB,MKRAVITGLGI
fabD,MTQFAFVFPGQ
fabG,MNFEGKIALVT
fabI,MGFLSGKRILV
fbaA,MSKIFDFVKPG
ffh,MFDNLTDRLSR
fldA,MAITGIFFGSD
folA,MISLIAALAVD
folC,MIIKRTPQAAS
folD,MAAKIIDGKTI
folE,MPSLSKEAALV
folK,MTVAYIAIGSN
ftsA,MIKATDRKLVV
ftsB,MGKLTLLLLAI
ftsI,MKAAAKTQKPK
ftsL,MISRVTEALSK
ftsQ,MSQAALNTRNS
ftsW,MRLSLPRLKMP
ftsZ,MFEPMELTNDA
gapA,MTIKVGINGFG
gltX,MKIKTRFAPSP
grpE,MSSKEQKTPEG
gyrA,MSDLAREITPV
hemA,MTLLALGINHK
hemB,MTDLIQRPRRL
hemH,MRQTKTGILLA
hemL,MSKSENLYSAA
holA,MIRLYPEQLRA
holB,MRWYPWLRPDF
ileS,MSDYKSTLNLP
infA,MAKEDNIEMQG
ispA,MDFPQQLEACV
ispD,MATTHLDVCAV
ispE,MRTQWPSPAKL
ispF,MRIGHGFDVHA
ispG,MHNQAPIQRRK
ispH,MQILLANPRGF
kdsA,MKQKVVSIGDI
kdsB,MSFVVIIPARY
lepB,MANMFALILVI
leuS,MQEQYRPEEIE
lgt,MTSSYLHFPEF
ligA,MESIEQQLTEL
lnt,MAFASLIERQR
lolA,MKKIAITCALL
lolB,MPLPDFRLIRL
lolC,MYQPVALFIGL
lolD,MNKILLQCDNL
lolE,MAMPLSLLIGL
lptD,MKKRIPTLLAT
lpxB,MTEQRPLTIAL
lpxC,MIKQRTLKRIV
lpxD,MPSIRLADLAQ
lpxK,MIEKIWSGESP
map,MAISIKTPEDI
metG,MTQVAKKILVT
metK,MAKHLFTSESV
mnmA,MSETAKKVIVG
mraY,MLVWLAEHLVK
mrdA,MKLQNSFRDYT
mrdB,MTDNPNKKTFW
msbA,MHNDKDLSTWQ
mukB,MIERGKFRSLT
mukE,MSSTNIEQVMP
mukF,MSEFSQTVPEL
murC,MNTQQLAKLRS
murD,MADYQGKNVVI
murF,MISVTLSQLTD
murG,MSGQGKRLMVM
murJ,MNLLKSLAAVS
nadD,MKSLQALFGGT
nadE,MTLQQQIIKAL
nadK,MNNHFKCIGIV
nrdA,MNQNLLVTKRD
nrdB,MAYTTFSQTKN
pgk,MSVIKMTDLDL
pgsA,MQFNIPTLLTL
pheS,MSHLAELVASA
pheT,MKFSELWLREW
plsC,MLYIFRLIITV
prfA,MKPSIVAKLEA
prfB,MFEINPVNNRI
prmC,MEYQHWLREAI
proS,MRTSQYLLSTL
pssA,MLSKFKRNKHQ
pyrG,MTTNYIFVTGG
pyrH,MATNAKPVYKR
ribA,MQLKRVAEAKL
ribC,MFTGIVQGTAK
ribE,MNIIEANVATP
ribF,MKLIRGIHNLS
rne,MKRMLINATQQ
rplS,MSNIIKQLEQE
rpsA,MTESFAQLFEE
rpsB,MATVSMRDMLK
rseP,MLSFLWDLASF
secA,MLIKLLTKVFG
serS,MLDPNLLRNEP
suhB,MHPMLNIAVRA
thiL,MACGEFSLIAR
thrS,MPVITLPDGSQ
tilS,MTLTLNRQLLT
tmk,MRSKYIVIEGL
topA,MGKALVIVESP
trmD,MWIGIISLFPE
tsf,MAEITASLVKE
tyrS,MASSNLIKQLQ
yeaZ,MRILAIDTATE
yejM,MVTHRQRYREK
yqgF,MSGTLLAFDFG
zipA,MMQDLRLILII